Workbook

Sheet Conversion Factors
A1: Conversion factors, derived from exact definitions
A3: Base definitions (exact, NIST SP 811)
A4: 1 inch in millimetres | B4: 25.4 | C4: mm | D4: Edit only if a definition changes (it will not).
A5: 1 pound-force in newtons | B5: 4.4482216 | C5: N
A6: Standard gravity | B6: 9.80665 | C6: m/s²
A7: Kip = 1000 lbf | B7: 1000 | C7: lbf
A8: Foot = 12 inches | B8: 12 | C8: in
A10: Derived factors (all formulas)
A11: Quantity | B11: Imperial unit | C11: Metric unit | D11: Multiply Imperial by | E11: Metric to Imperial (reciprocal) | F11: Derivation
A12: Length | B12: in | C12: mm | D12: =$B$4 -> 25.4 | E12: =1/D12 -> 0.039370079 | F12: 1 in = 25.4 mm
A13: Length | B13: ft | C13: m | D13: =$B$4*$B$8/1000 -> 0.3048 | E13: =1/D13 -> 3.2808399 | F13: 12 × 25.4 / 1000
A14: Area | B14: in² | C14: mm² | D14: =$B$4^2 -> 645.16 | E14: =1/D14 -> 0.0015500031 | F14: 25.4²
A15: Moment of inertia | B15: in⁴ | C15: mm⁴ | D15: =$B$4^4 -> 416231.43 | E15: =1/D15 -> 2.4025096e-06 | F15: 25.4⁴
A16: Section modulus | B16: in³ | C16: mm³ | D16: =$B$4^3 -> 16387.064 | E16: =1/D16 -> 6.1023744e-05 | F16: 25.4³
A17: Force | B17: kip | C17: kN | D17: =$B$5*$B$7/1000 -> 4.4482216 | E17: =1/D17 -> 0.22480894 | F17: 4.448222 N × 1000 / 1000
A18: Force | B18: lbf | C18: N | D18: =$B$5 -> 4.4482216 | E18: =1/D18 -> 0.22480894 | F18: definition
A19: Moment | B19: kip·ft | C19: kN·m | D19: =$B$5*$B$7/1000*$B$4*$B$8/1000 -> 1.3558179 | E19: =1/D19 -> 0.73756215 | F19: kN × m
A20: Moment | B20: kip·in | C20: kN·m | D20: =$B$5*$B$7/1000*$B$4/1000 -> 0.11298483 | E20: =1/D20 -> 8.8507458 | F20: kN × m
A21: Stress / modulus | B21: ksi | C21: MPa | D21: =$B$5*$B$7/($B$4^2) -> 6.8947573 | E21: =1/D21 -> 0.14503774 | F21: kN / mm² × 1000 = N/mm²
A22: Stress / modulus | B22: psi | C22: kPa | D22: =$B$5/($B$4^2)*1000 -> 6.8947573 | E22: =1/D22 -> 0.14503774 | F22: N/mm² × 1000
A23: Stress / modulus | B23: ksi | C23: GPa | D23: =$B$5*$B$7/($B$4^2)/1000 -> 0.0068947573 | E23: =1/D23 -> 145.03774 | F23: MPa / 1000
A24: Distributed load | B24: kip/ft | C24: kN/m | D24: =$B$5*$B$7/1000/($B$4*$B$8/1000) -> 14.593903 | E24: =1/D24 -> 0.068521766 | F24: kN / m
A25: Area load | B25: psf | C25: kPa | D25: =$B$5/(($B$4*$B$8/1000)^2)/1000 -> 0.047880259 | E25: =1/D25 -> 20.885434 | F25: N/m² / 1000
A26: Unit weight | B26: k/ft³ | C26: kN/m³ | D26: =$B$5*$B$7/1000/(($B$4*$B$8/1000)^3) -> 157.08746 | E26: =1/D26 -> 0.0063658804 | F26: kN / m³
A27: Unit weight | B27: pcf | C27: kN/m³ | D27: =$B$5/(($B$4*$B$8/1000)^3)/1000 -> 0.15708746 | E27: =1/D27 -> 6.3658804 | F27: N/m³ / 1000
A28: Mass density from unit weight | B28: k/ft³ | C28: kg/m³ | D28: =$B$5*$B$7/(($B$4*$B$8/1000)^3)/$B$6 -> 16018.463 | E28: =1/D28 -> 6.2427961e-05 | F28: N/m³ ÷ g
A29: Thermal coefficient | B29: 1e-5 /°F | C29: 1e-6 /°C | D29: =1.8*10 -> 18 | E29: =1/D29 -> 0.055555556 | F29: per °F × 1.8 = per °C; 1e-5 → 1e-6 is × 10
A30: Thermal coefficient | B30: /°F | C30: /°C | D30: =1.8 -> 1.8 | E30: =1/D30 -> 0.55555556 | F30: ΔT of 1 °C = 1.8 °F
A31: Temperature (offset) | B31: °F | C31: °C | D31: n/a | E31: n/a | F31: °C = (°F − 32) / 1.8 (offset, not a factor)

Sheet Unit Systems
A1: Unit systems side by side: RISA / STAAD Imperial vs Standard Metric
A2: Column D lists the internal unit the solver should carry for each quantity so that every stiffness term is consistent.
A4: Quantity | B4: Imperial | C4: Standard Metric | D4: Solver internal (recommended) | E4: Note
A5: Node coordinates | B5: ft | C5: m | D5: consistent length L | E5: RISA mixes ft for geometry and in for sections; convert to one length.
A6: Section dimensions | B6: in | C6: mm | D6: L | E6: Section tables (AISC, ASEP) list in and mm respectively.
A7: Area | B7: in² | C7: mm² | D7: L²
A8: Moment of inertia | B8: in⁴ | C8: mm⁴ | D8: L⁴ | E8: Watch magnitude: 1 in⁴ = 416,231 mm⁴.
A9: Force | B9: kip | C9: kN | D9: F | E9: 1 kip = 4.448 kN
A10: Moment | B10: kip·ft | C10: kN·m | D10: F·L | E10: RISA reports kip-ft, STAAD kip-in or kN-m depending on set.
A11: Stress, modulus | B11: ksi | C11: MPa (N/mm²) | D11: F/L² | E11: With F = kN and L = mm, F/L² = kN/mm² = GPa; multiply by 1000 for MPa.
A12: Distributed load | B12: kip/ft | C12: kN/m | D12: F/L
A13: Area load | B13: psf | C13: kPa (kN/m²) | D13: F/L²
A14: Unit weight (density) | B14: k/ft³ | C14: kN/m³ | D14: F/L³ | E14: SI mass density kg/m³ × 9.80665 / 1000 = kN/m³.
A15: Temperature change | B15: °F | C15: °C | D15: ΔT | E15: Coefficient must match: /°F with °F, /°C with °C.
A16: Thermal coefficient | B16: 1e-5 /°F | C16: 1e-6 /°C (or 1e-5 /°C in RISA metric) | D16: 1/ΔT | E16: RISA stores the mantissa only; multiply by the exponent before use.
A17: Deflection output | B17: in | C17: mm | D17: L
A18: Rotation | B18: rad | C18: rad | D18: rad | E18: Dimensionless in both systems.
A19: Spring stiffness (translational) | B19: kip/in | C19: kN/m | D19: F/L
A20: Spring stiffness (rotational) | B20: kip·ft/rad | C20: kN·m/rad | D20: F·L/rad

Sheet Converter
A1: Two-way converter: type in a yellow cell, read the result beside it
A2: Left block converts Imperial to Metric; right block converts Metric to Imperial. Both use the Conversion Factors sheet.
A4: Quantity | B4: Imperial value | C4: Imperial unit | D4: Metric result | E4: Metric unit | G4: Quantity | H4: Metric value | I4: Metric unit | J4: Imperial result | K4: Imperial unit
A5: Length | B5: 20 | C5: ft | D5: =B5*'Conversion Factors'!$D$13 -> 6.096 | E5: m | G5: Length | H5: 6 | I5: m | J5: =H5/'Conversion Factors'!$D$13 -> 19.685039 | K5: ft
A6: Section dimension | B6: 12 | C6: in | D6: =B6*'Conversion Factors'!$D$12 -> 304.8 | E6: mm | G6: Section dimension | H6: 300 | I6: mm | J6: =H6/'Conversion Factors'!$D$12 -> 11.811024 | K6: in
A7: Area | B7: 7.65 | C7: in² | D7: =B7*'Conversion Factors'!$D$14 -> 4935.474 | E7: mm² | G7: Area | H7: 5000 | I7: mm² | J7: =H7/'Conversion Factors'!$D$14 -> 7.7500155 | K7: in²
A8: Moment of inertia | B8: 204 | C8: in⁴ | D8: =B8*'Conversion Factors'!$D$15 -> 84911211 | E8: mm⁴ | G8: Moment of inertia | H8: 85000000 | I8: mm⁴ | J8: =H8/'Conversion Factors'!$D$15 -> 204.21332 | K8: in⁴
A9: Force | B9: 10 | C9: kip | D9: =B9*'Conversion Factors'!$D$17 -> 44.482216 | E9: kN | G9: Force | H9: 50 | I9: kN | J9: =H9/'Conversion Factors'!$D$17 -> 11.240447 | K9: kip
A10: Moment | B10: 100 | C10: kip·ft | D10: =B10*'Conversion Factors'!$D$19 -> 135.58179 | E10: kN·m | G10: Moment | H10: 150 | I10: kN·m | J10: =H10/'Conversion Factors'!$D$19 -> 110.63432 | K10: kip·ft
A11: Stress / modulus | B11: 29000 | C11: ksi | D11: =B11*'Conversion Factors'!$D$21 -> 199947.96 | E11: MPa | G11: Stress / modulus | H11: 200000 | I11: MPa | J11: =H11/'Conversion Factors'!$D$21 -> 29007.548 | K11: ksi
A12: Distributed load | B12: 1.2 | C12: kip/ft | D12: =B12*'Conversion Factors'!$D$24 -> 17.512684 | E12: kN/m | G12: Distributed load | H12: 20 | I12: kN/m | J12: =H12/'Conversion Factors'!$D$24 -> 1.3704353 | K12: kip/ft
A13: Area load | B13: 50 | C13: psf | D13: =B13*'Conversion Factors'!$D$25 -> 2.3940129 | E13: kPa | G13: Area load | H13: 2.4 | I13: kPa | J13: =H13/'Conversion Factors'!$D$25 -> 50.125042 | K13: psf
A14: Unit weight | B14: 0.49 | C14: k/ft³ | D14: =B14*'Conversion Factors'!$D$26 -> 76.972857 | E14: kN/m³ | G14: Unit weight | H14: 77 | I14: kN/m³ | J14: =H14/'Conversion Factors'!$D$26 -> 0.49017279 | K14: k/ft³
A15: Thermal coefficient | B15: 0.65 | C15: 1e-5 /°F | D15: =B15*'Conversion Factors'!$D$29 -> 11.7 | E15: 1e-6 /°C | G15: Thermal coefficient | H15: 11.7 | I15: 1e-6 /°C | J15: =H15/'Conversion Factors'!$D$29 -> 0.65 | K15: 1e-5 /°F
A16: Temperature | B16: 100 | C16: °F | D16: =(B16-32)/1.8 -> 37.777778 | E16: °C | G16: Temperature | H16: 30 | I16: °C | J16: =H16*1.8+32 -> 86 | K16: °F
A18: Example values are placeholders (W12×26 area and inertia, A36 steel modulus and weight). Replace them with your own.
